--
-- PostgreSQL database dump
--

\restrict lN07X5bkbRCsJBoF0xdUMF9hFM5T3buFVfu1z3JXCRs9SXHdF9b7IfxnnTEQIak

-- Dumped from database version 17.8 (a284a84)
-- Dumped by pg_dump version 17.9 (Debian 17.9-1.pgdg13+1)

SET statement_timeout = 0;
SET lock_timeout = 0;
SET idle_in_transaction_session_timeout = 0;
SET transaction_timeout = 0;
SET client_encoding = 'UTF8';
SET standard_conforming_strings = on;
SELECT pg_catalog.set_config('search_path', '', false);
SET check_function_bodies = false;
SET xmloption = content;
SET client_min_messages = warning;
SET row_security = off;

SET default_tablespace = '';

SET default_table_access_method = heap;

--
-- Name: question; Type: TABLE; Schema: public; Owner: -
--

CREATE TABLE public.question (
    id bigint NOT NULL,
    correct_option character varying(255),
    optiona character varying(255),
    optionb character varying(255),
    optionc character varying(255),
    optiond character varying(255),
    question_text character varying(255),
    test_id bigint
);


--
-- Name: question_id_seq; Type: SEQUENCE; Schema: public; Owner: -
--

ALTER TABLE public.question ALTER COLUMN id ADD GENERATED BY DEFAULT AS IDENTITY (
    SEQUENCE NAME public.question_id_seq
    START WITH 1
    INCREMENT BY 1
    NO MINVALUE
    NO MAXVALUE
    CACHE 1
);


--
-- Name: refresh_token; Type: TABLE; Schema: public; Owner: -
--

CREATE TABLE public.refresh_token (
    id bigint NOT NULL,
    expiry_date timestamp(6) with time zone,
    token character varying(255),
    user_id bigint
);


--
-- Name: refresh_token_id_seq; Type: SEQUENCE; Schema: public; Owner: -
--

ALTER TABLE public.refresh_token ALTER COLUMN id ADD GENERATED BY DEFAULT AS IDENTITY (
    SEQUENCE NAME public.refresh_token_id_seq
    START WITH 1
    INCREMENT BY 1
    NO MINVALUE
    NO MAXVALUE
    CACHE 1
);


--
-- Name: test; Type: TABLE; Schema: public; Owner: -
--

CREATE TABLE public.test (
    id bigint NOT NULL,
    description character varying(255),
    "time" bigint,
    title character varying(255)
);


--
-- Name: test_id_seq; Type: SEQUENCE; Schema: public; Owner: -
--

ALTER TABLE public.test ALTER COLUMN id ADD GENERATED BY DEFAULT AS IDENTITY (
    SEQUENCE NAME public.test_id_seq
    START WITH 1
    INCREMENT BY 1
    NO MINVALUE
    NO MAXVALUE
    CACHE 1
);


--
-- Name: test_result; Type: TABLE; Schema: public; Owner: -
--

CREATE TABLE public.test_result (
    id bigint NOT NULL,
    correct_answers integer NOT NULL,
    percentage double precision NOT NULL,
    total_questions integer NOT NULL,
    test_id bigint,
    user_id bigint
);


--
-- Name: test_result_id_seq; Type: SEQUENCE; Schema: public; Owner: -
--

ALTER TABLE public.test_result ALTER COLUMN id ADD GENERATED BY DEFAULT AS IDENTITY (
    SEQUENCE NAME public.test_result_id_seq
    START WITH 1
    INCREMENT BY 1
    NO MINVALUE
    NO MAXVALUE
    CACHE 1
);


--
-- Name: users; Type: TABLE; Schema: public; Owner: -
--

CREATE TABLE public.users (
    id bigint NOT NULL,
    email character varying(255),
    name character varying(255),
    password character varying(255),
    role smallint,
    CONSTRAINT users_role_check CHECK (((role >= 0) AND (role <= 1)))
);


--
-- Name: users_id_seq; Type: SEQUENCE; Schema: public; Owner: -
--

ALTER TABLE public.users ALTER COLUMN id ADD GENERATED BY DEFAULT AS IDENTITY (
    SEQUENCE NAME public.users_id_seq
    START WITH 1
    INCREMENT BY 1
    NO MINVALUE
    NO MAXVALUE
    CACHE 1
);


--
-- Name: users_seq; Type: SEQUENCE; Schema: public; Owner: -
--

CREATE SEQUENCE public.users_seq
    START WITH 1
    INCREMENT BY 50
    NO MINVALUE
    NO MAXVALUE
    CACHE 1;


--
-- Data for Name: question; Type: TABLE DATA; Schema: public; Owner: -
--

COPY public.question (id, correct_option, optiona, optionb, optionc, optiond, question_text, test_id) FROM stdin;
1	A	Number	String	Undefined	Object	Trong JavaScript, kiểu dữ liệu của NaN là gì?	1
2	A	let có phạm vi block, var có phạm vi function	let tự động hoisting, var thì không	let có thể khai báo lại trong cùng scope	var không thể gán lại giá trị	Khai báo biến bằng let khác với var ở điểm nào?	1
3	A	"22"	4	"4"	Error	Kết quả của biểu thức "2" + 2 trong JavaScript là gì?	1
4	B	JSON.stringify()	JSON.parse()	Object.parse()	JSON.toObject()	Phương thức nào dùng để chuyển JSON string thành object?	1
5	B	null	undefined	0	NaN	Giá trị mặc định của biến chưa được gán trong JavaScript là gì?	1
6	B	let	const	var	static	Từ khóa nào dùng để khai báo hằng số trong JavaScript?	1
7	A	Number.isInteger()	isInt()	parseInt()	Math.isInteger()	Hàm nào kiểm tra một giá trị có phải là số nguyên trong JavaScript?	1
8	C	{}	()	[]	<>	Trong JavaScript, mảng được định nghĩa bằng ký hiệu nào?	1
9	A	So sánh giá trị và kiểu dữ liệu	So sánh chỉ giá trị	So sánh địa chỉ bộ nhớ	So sánh gần đúng	Toán tử === trong JavaScript có ý nghĩa gì?	1
10	A	null	undefined	error	empty string	Trong JavaScript, document.getElementById("id") trả về gì nếu không tìm thấy phần tử?	1
11	A	<img>	<image>	<pic>	<src>	Thẻ HTML nào dùng để chèn hình ảnh?	2
12	B	src	href	link	ref	Thuộc tính nào của thẻ <a> dùng để chỉ định liên kết?	2
13	A	Cascading Style Sheets	Creative Style System	Computer Styled Sections	Colorful Style Sheets	CSS viết tắt của cụm từ nào?	2
14	C	<movie>	<media>	<video>	<play>	Trong HTML5, thẻ nào dùng để định nghĩa phần tử video?	2
15	B	color	background-color	bg	font-color	Thuộc tính CSS nào dùng để thay đổi màu nền?	2
16	B	Class	Id	Tag	Attribute	Trong CSS, ký hiệu #idSelector dùng để chọn gì?	2
17	A	/* comment */	// comment	<!-- comment -->	# comment	Đâu là cú pháp đúng để viết comment trong CSS?	2
18	B	src	alt	title	name	Thuộc tính HTML nào dùng để hiển thị văn bản thay thế cho ảnh?	2
19	A	text-align	align	center	font-align	Trong CSS, thuộc tính nào dùng để căn giữa văn bản?	2
20	A	<table>	<tab>	<grid>	<t>	Thẻ nào trong HTML định nghĩa một bảng?	2
21	B	int	boolean	char	string	Kiểu dữ liệu nào trong Java lưu trữ giá trị true/false?	3
22	C	this	super	extends	implements	Từ khóa nào dùng để kế thừa một lớp trong Java?	3
23	B	Kiểu dữ liệu nguyên thủy	Một lớp (class)	Một mảng ký tự	Một interface	Trong Java, String là?	3
24	B	private	final	static	abstract	Từ khóa nào dùng để ngăn chặn lớp bị kế thừa?	3
25	A	public static void main(String args[])	void main(String[] args)	public void main(String args)	static public void main()	Phương thức main trong Java có khai báo chuẩn là gì?	3
26	C	java.io	java.util	java.lang	java.sql	Gói mặc định mà mọi class trong Java đều có?	3
27	B	Giá trị	Tham chiếu (vị trí bộ nhớ)	Cả giá trị và tham chiếu	Không so sánh được	Trong Java, toán tử == với String so sánh?	3
28	A	new	class	object	this	Câu lệnh nào dùng để tạo đối tượng trong Java?	3
29	A	interface	implements	abstract	extends	Interface trong Java được khai báo bằng từ khóa nào?	3
30	A	java.util	java.io	java.lang	java.sql	Trong Java, ArrayList nằm trong package nào?	3
31	A	SELECT	INSERT	UPDATE	DELETE	Lệnh SQL nào dùng để lấy dữ liệu từ bảng?	4
32	B	SELECT	INSERT	UPDATE	ALTER	Câu lệnh nào dùng để thêm dữ liệu mới vào bảng?	4
33	B	Có thể trùng lặp	Không thể null và duy nhất	Chỉ duy nhất nhưng có thể null	Chỉ để tạo quan hệ	Khóa chính (PRIMARY KEY) có đặc điểm gì?	4
34	B	GROUP BY	ORDER BY	SORT BY	ARRANGE BY	Trong SQL, lệnh nào dùng để sắp xếp dữ liệu?	4
35	B	DELETE	DROP	TRUNCATE	REMOVE	Câu lệnh nào dùng để xóa bảng trong SQL?	4
36	B	VARCHAR	TEXT	CHAR	STRING	Trong PostgreSQL, kiểu dữ liệu nào lưu văn bản dài?	4
37	A	ALTER TABLE	MODIFY TABLE	UPDATE TABLE	CHANGE TABLE	Câu lệnh nào dùng để thay đổi cấu trúc bảng?	4
38	B	So sánh bằng tuyệt đối	So sánh gần đúng với ký tự đại diện	So sánh logic	So sánh khóa ngoại	Trong SQL, toán tử LIKE dùng để?	4
39	A	Kết hợp dữ liệu từ nhiều bảng	Xóa dữ liệu trong bảng	Sửa dữ liệu trong bảng	Tạo bảng mới	Câu lệnh JOIN dùng để?	4
40	A	Tổng số dòng	Tổng số cột	Tổng số NULL	Tổng giá trị	Trong SQL, COUNT(*) trả về?	4
\.


--
-- Data for Name: refresh_token; Type: TABLE DATA; Schema: public; Owner: -
--

COPY public.refresh_token (id, expiry_date, token, user_id) FROM stdin;
1	2025-10-16 07:59:58.02+00	3c05b329-89f3-4c49-a02a-c2f8d1ffdcf8	3
\.


--
-- Data for Name: test; Type: TABLE DATA; Schema: public; Owner: -
--

COPY public.test (id, description, "time", title) FROM stdin;
1	Bài test kiến thức cơ bản về JavaScript	60	JavaScript Basics
3	Bài test kiến thức cơ bản về Java	60	Java Core Basics
4	Bài test kiến thức cơ bản về SQL và Database	60	SQL & Database Basics
2	Bài test kiến thức cơ bản về HTML & CSS	60	HTML & CSS Basics
\.


--
-- Data for Name: test_result; Type: TABLE DATA; Schema: public; Owner: -
--

COPY public.test_result (id, correct_answers, percentage, total_questions, test_id, user_id) FROM stdin;
1	0	0	10	1	1
2	0	0	10	1	1
3	0	0	10	1	1
4	0	0	10	1	1
5	0	0	10	1	1
6	0	0	10	1	1
7	0	0	10	1	1
8	0	0	10	1	1
9	0	0	10	1	1
10	1	10	10	1	1
11	3	30	10	3	1
12	7	70	10	1	1
13	9	90	10	1	1
14	1	10	10	1	1
\.


--
-- Data for Name: users; Type: TABLE DATA; Schema: public; Owner: -
--

COPY public.users (id, email, name, password, role) FROM stdin;
2	test@gmail.com	test	test	1
1	admin@gmail.com	Admin	adminnn	0
3	test122323@gmail.com	test1	$2a$10$faZGFHsxUqm7vlruylqZDex7qJbKPFjjSKHVbXBFub6fiZFBOlOVC	1
4	nambui250403@gmail.com	Bùi Tấn Thành Nam	$2a$10$.KiWUl.HG7kZsYmK4evziezSZOxsGnuJZ/2.ETjL.mXvV1gcj5s4e	1
5	bigboss250114@gmail.com	Bùi Tấn Thành Nam	$2a$10$Q75YyZNorngRkBfp4YLcwubI0sePUL010stEss3486BHDmVHJ6ziK	1
\.


--
-- Name: question_id_seq; Type: SEQUENCE SET; Schema: public; Owner: -
--

SELECT pg_catalog.setval('public.question_id_seq', 40, true);


--
-- Name: refresh_token_id_seq; Type: SEQUENCE SET; Schema: public; Owner: -
--

SELECT pg_catalog.setval('public.refresh_token_id_seq', 1, true);


--
-- Name: test_id_seq; Type: SEQUENCE SET; Schema: public; Owner: -
--

SELECT pg_catalog.setval('public.test_id_seq', 1, false);


--
-- Name: test_result_id_seq; Type: SEQUENCE SET; Schema: public; Owner: -
--

SELECT pg_catalog.setval('public.test_result_id_seq', 14, true);


--
-- Name: users_id_seq; Type: SEQUENCE SET; Schema: public; Owner: -
--

SELECT pg_catalog.setval('public.users_id_seq', 5, true);


--
-- Name: users_seq; Type: SEQUENCE SET; Schema: public; Owner: -
--

SELECT pg_catalog.setval('public.users_seq', 201, true);


--
-- Name: question question_pkey; Type: CONSTRAINT; Schema: public; Owner: -
--

ALTER TABLE ONLY public.question
    ADD CONSTRAINT question_pkey PRIMARY KEY (id);


--
-- Name: refresh_token refresh_token_pkey; Type: CONSTRAINT; Schema: public; Owner: -
--

ALTER TABLE ONLY public.refresh_token
    ADD CONSTRAINT refresh_token_pkey PRIMARY KEY (id);


--
-- Name: test test_pkey; Type: CONSTRAINT; Schema: public; Owner: -
--

ALTER TABLE ONLY public.test
    ADD CONSTRAINT test_pkey PRIMARY KEY (id);


--
-- Name: test_result test_result_pkey; Type: CONSTRAINT; Schema: public; Owner: -
--

ALTER TABLE ONLY public.test_result
    ADD CONSTRAINT test_result_pkey PRIMARY KEY (id);


--
-- Name: refresh_token ukf95ixxe7pa48ryn1awmh2evt7; Type: CONSTRAINT; Schema: public; Owner: -
--

ALTER TABLE ONLY public.refresh_token
    ADD CONSTRAINT ukf95ixxe7pa48ryn1awmh2evt7 UNIQUE (user_id);


--
-- Name: users users_pkey; Type: CONSTRAINT; Schema: public; Owner: -
--

ALTER TABLE ONLY public.users
    ADD CONSTRAINT users_pkey PRIMARY KEY (id);


--
-- Name: test_result fk7q1xfjwuj28swdna3b0b5lcol; Type: FK CONSTRAINT; Schema: public; Owner: -
--

ALTER TABLE ONLY public.test_result
    ADD CONSTRAINT fk7q1xfjwuj28swdna3b0b5lcol FOREIGN KEY (user_id) REFERENCES public.users(id);


--
-- Name: question fk8hejcpbbiq1qje11346akp3uj; Type: FK CONSTRAINT; Schema: public; Owner: -
--

ALTER TABLE ONLY public.question
    ADD CONSTRAINT fk8hejcpbbiq1qje11346akp3uj FOREIGN KEY (test_id) REFERENCES public.test(id);


--
-- Name: test_result fkef3e8k7fgvkj4mox0lxrkf8hh; Type: FK CONSTRAINT; Schema: public; Owner: -
--

ALTER TABLE ONLY public.test_result
    ADD CONSTRAINT fkef3e8k7fgvkj4mox0lxrkf8hh FOREIGN KEY (test_id) REFERENCES public.test(id);


--
-- Name: refresh_token fkjtx87i0jvq2svedphegvdwcuy; Type: FK CONSTRAINT; Schema: public; Owner: -
--

ALTER TABLE ONLY public.refresh_token
    ADD CONSTRAINT fkjtx87i0jvq2svedphegvdwcuy FOREIGN KEY (user_id) REFERENCES public.users(id);


--
-- PostgreSQL database dump complete
--

\unrestrict lN07X5bkbRCsJBoF0xdUMF9hFM5T3buFVfu1z3JXCRs9SXHdF9b7IfxnnTEQIak

